Keywords,PAA_1_k,PAA_2_k,PAA_3_k,PAA_4_k,PAA_5_k,content_PAA_1_k,content_PAA_2_k,content_PAA_3_k,content_PAA_4_k,content_PAA_5_k,Keyword_suggestion,PAA_1_ks,PAA_2_ks,PAA_3_ks,PAA_4_ks,PAA_5_ks,content_PAA_1_ks,content_PAA_2_ks,content_PAA_3_ks,content_PAA_4_ks,content_PAA_5_ks
bitcoin,Comment avoir un Bitcoin gratuitement ?,Pourquoi acheter des Bitcoins ?,Comment fonctionne le Bitcoin pour les nuls ?,C'est quoi un compte Bitcoin ?,Comment fonctionne le BIT coin ?,FreeBitcoin. Vous pouvez gagner des bitcoins en remplissant un captcha toutes les heures. Quelques dizaines ou centaines de satoshis ainsi que des tickets pour des loterie et des points de fidélité. Vos gains varient en fonction du nombre qui vous sera attribué.23 sept. 2018,"Les motivations conduisant à acheter du bitcoin ne se résument pas à l'appât du gain. ... Enfin, 47% ont fait l'acquisition de bitcoins pour son ""aspect réserve de valeur, protection contre l'inflation et la perte de pouvoir d'achat"", la monnaie numérique servant en quelque sorte de valeur refuge, comme l'or.22 mars 2021","Le bitcoin repose sur un réseau décentralisé d'ordinateurs qui vérifient les transactions entre deux parties, comme le feraient une banque ou une autorité centrale. Chaque nouvelle opération s'ajoute dans un registre infalsifiable, la blockchain.14 déc. 2017",Bitcoin est un système expérimental de transfert et de vérification de propriété reposant sur un réseau de pair à pair sans aucune autorité centrale. L'application initiale et l'innovation principale du réseau Bitcoin c'est une monnaie numérique décentralisée dont l'unité de compte est le bitcoin.,"Un solde en bitcoin est rattaché à la clé publique de sa ou son propriétaire. Lorsque des bitcoins sont transmis d'un utilisateur A à un utilisateur B, A signe une transaction avec sa clé privée et la diffuse sur le réseau qui identifie sa signature et crédite l'adresse de B qui peut à son tour les fonds reçus.",bitcoin stock,no question,no question,no question,no question,no question,no answer,no answer,no answer,no answer,no answer
bitcoin,Comment avoir un Bitcoin gratuitement ?,Pourquoi acheter des Bitcoins ?,Comment fonctionne le Bitcoin pour les nuls ?,C'est quoi un compte Bitcoin ?,Comment fonctionne le BIT coin ?,FreeBitcoin. Vous pouvez gagner des bitcoins en remplissant un captcha toutes les heures. Quelques dizaines ou centaines de satoshis ainsi que des tickets pour des loterie et des points de fidélité. Vos gains varient en fonction du nombre qui vous sera attribué.23 sept. 2018,"Les motivations conduisant à acheter du bitcoin ne se résument pas à l'appât du gain. ... Enfin, 47% ont fait l'acquisition de bitcoins pour son ""aspect réserve de valeur, protection contre l'inflation et la perte de pouvoir d'achat"", la monnaie numérique servant en quelque sorte de valeur refuge, comme l'or.22 mars 2021","Le bitcoin repose sur un réseau décentralisé d'ordinateurs qui vérifient les transactions entre deux parties, comme le feraient une banque ou une autorité centrale. Chaque nouvelle opération s'ajoute dans un registre infalsifiable, la blockchain.14 déc. 2017",Bitcoin est un système expérimental de transfert et de vérification de propriété reposant sur un réseau de pair à pair sans aucune autorité centrale. L'application initiale et l'innovation principale du réseau Bitcoin c'est une monnaie numérique décentralisée dont l'unité de compte est le bitcoin.,"Bitcoin utilise la cryptographie par clés publique et privée (cryptographie asymétrique). Afin d'empêcher A de transmettre à un utilisateur C les fonds déjà utilisés, une liste publique de toutes les transactions passées est maintenue collectivement par le réseau des nœuds Bitcoin. ...",bitcoin news,no question,no question,no question,no question,no question,no answer,no answer,no answer,no answer,no answer
bitcoin,Comment avoir un Bitcoin gratuitement ?,Pourquoi acheter des Bitcoins ?,Comment fonctionne le Bitcoin pour les nuls ?,C'est quoi un compte Bitcoin ?,Comment fonctionne le BIT coin ?,FreeBitcoin. Vous pouvez gagner des bitcoins en remplissant un captcha toutes les heures. Quelques dizaines ou centaines de satoshis ainsi que des tickets pour des loterie et des points de fidélité. Vos gains varient en fonction du nombre qui vous sera attribué.23 sept. 2018,"Les motivations conduisant à acheter du bitcoin ne se résument pas à l'appât du gain. ... Enfin, 47% ont fait l'acquisition de bitcoins pour son ""aspect réserve de valeur, protection contre l'inflation et la perte de pouvoir d'achat"", la monnaie numérique servant en quelque sorte de valeur refuge, comme l'or.22 mars 2021","Le bitcoin repose sur un réseau décentralisé d'ordinateurs qui vérifient les transactions entre deux parties, comme le feraient une banque ou une autorité centrale. Chaque nouvelle opération s'ajoute dans un registre infalsifiable, la blockchain.14 déc. 2017",Bitcoin est un système expérimental de transfert et de vérification de propriété reposant sur un réseau de pair à pair sans aucune autorité centrale. L'application initiale et l'innovation principale du réseau Bitcoin c'est une monnaie numérique décentralisée dont l'unité de compte est le bitcoin.,"Un solde en bitcoin est rattaché à la clé publique de sa ou son propriétaire. Lorsque des bitcoins sont transmis d'un utilisateur A à un utilisateur B, A signe une transaction avec sa clé privée et la diffuse sur le réseau qui identifie sa signature et crédite l'adresse de B qui peut à son tour les fonds reçus.",bitcoin mining,C'est quoi le minage ?,C'est quoi le minage de Bitcoin ?,Qu'est-ce qu'une mine de Bitcoin ?,C'est quoi un mineur de Bitcoin ?,Comment faire du Bitcoin mining ?,no answer,no answer,Le minage c'est le procédé par lequel les transactions Bitcoin sont sécurisées. A cette fin les mineurs effectuent avec leur matériel informatique des calculs mathématiques pour le réseau Bitcoin.,"Pour susciter le plus grand nombre possible de nœuds, les cryptomonnaies sont conçues de telle manière que les services ci-dessus soient récompensés financièrement. C'est le minage. Les nœuds qui fonctionnent dans le seul but de récupérer la récompense financière sont appelés mineurs.","	- Ouvrez un portefeuille Bitcoin. ... 
	- Sécurisez votre portefeuille. ... 
	- Choisissez un service de minage dans le cloud. ... 
	- Choisissez un package. ... 
	- Choisissez un « pool » de minage. ... 
	- Gardez vos gains dans votre portefeuille sécurisé."
bitcoin,Comment avoir un Bitcoin gratuitement ?,Pourquoi acheter des Bitcoins ?,Comment fonctionne le Bitcoin pour les nuls ?,C'est quoi un compte Bitcoin ?,Comment fonctionne le BIT coin ?,FreeBitcoin. Vous pouvez gagner des bitcoins en remplissant un captcha toutes les heures. Quelques dizaines ou centaines de satoshis ainsi que des tickets pour des loterie et des points de fidélité. Vos gains varient en fonction du nombre qui vous sera attribué.23 sept. 2018,"Les motivations conduisant à acheter du bitcoin ne se résument pas à l'appât du gain. ... Enfin, 47% ont fait l'acquisition de bitcoins pour son ""aspect réserve de valeur, protection contre l'inflation et la perte de pouvoir d'achat"", la monnaie numérique servant en quelque sorte de valeur refuge, comme l'or.22 mars 2021","Le bitcoin repose sur un réseau décentralisé d'ordinateurs qui vérifient les transactions entre deux parties, comme le feraient une banque ou une autorité centrale. Chaque nouvelle opération s'ajoute dans un registre infalsifiable, la blockchain.14 déc. 2017",Bitcoin est un système expérimental de transfert et de vérification de propriété reposant sur un réseau de pair à pair sans aucune autorité centrale. L'application initiale et l'innovation principale du réseau Bitcoin c'est une monnaie numérique décentralisée dont l'unité de compte est le bitcoin.,"Un solde en bitcoin est rattaché à la clé publique de sa ou son propriétaire. Lorsque des bitcoins sont transmis d'un utilisateur A à un utilisateur B, A signe une transaction avec sa clé privée et la diffuse sur le réseau qui identifie sa signature et crédite l'adresse de B qui peut à son tour les fonds reçus.",bitcoin price usd,no question,no question,no question,no question,no question,no answer,no answer,no answer,no answer,no answer
bitcoin,Comment avoir un Bitcoin gratuitement ?,Pourquoi acheter des Bitcoins ?,Comment fonctionne le Bitcoin pour les nuls ?,C'est quoi un compte Bitcoin ?,Comment fonctionne le BIT coin ?,FreeBitcoin. Vous pouvez gagner des bitcoins en remplissant un captcha toutes les heures. Quelques dizaines ou centaines de satoshis ainsi que des tickets pour des loterie et des points de fidélité. Vos gains varient en fonction du nombre qui vous sera attribué.23 sept. 2018,"Les motivations conduisant à acheter du bitcoin ne se résument pas à l'appât du gain. ... Enfin, 47% ont fait l'acquisition de bitcoins pour son ""aspect réserve de valeur, protection contre l'inflation et la perte de pouvoir d'achat"", la monnaie numérique servant en quelque sorte de valeur refuge, comme l'or.22 mars 2021","Le bitcoin repose sur un réseau décentralisé d'ordinateurs qui vérifient les transactions entre deux parties, comme le feraient une banque ou une autorité centrale. Chaque nouvelle opération s'ajoute dans un registre infalsifiable, la blockchain.14 déc. 2017",Bitcoin est un système expérimental de transfert et de vérification de propriété reposant sur un réseau de pair à pair sans aucune autorité centrale. L'application initiale et l'innovation principale du réseau Bitcoin c'est une monnaie numérique décentralisée dont l'unité de compte est le bitcoin.,"Un solde en bitcoin est rattaché à la clé publique de sa ou son propriétaire. Lorsque des bitcoins sont transmis d'un utilisateur A à un utilisateur B, A signe une transaction avec sa clé privée et la diffuse sur le réseau qui identifie sa signature et crédite l'adresse de B qui peut à son tour les fonds reçus.",bitcoin price prediction,What will bitcoin be worth in 2030?,What will bitcoin be worth in 2023?,What will Bitcoin cash be worth in 2025?,What will Bitcoin cash be worth in 2022?,What will BTC cost in 2022?,no answer,"      Year	      High	     Low
----------	----------	--------
      2021	  $325,000	 $17,000
      2022	  $275,000	 $42,000
      2023	  $145,000	 $63,000
2024-2025+	$1,000,000	$275,000","  Year
------
$1,721
$1,893
 +319%"," Year
-----
 $700
 $910
+101%","Bitcoin will reach $250,000 by end of 2022 or early 2023: CAL 3 Chairman Tim Draper.15 juin 2021"
